{"cameraMode":{"drawMode":0,"name":"Shaded","section":"Shading Mode"},"sceneLighting":false,"audioPlay":false,"sceneViewState":{"m_AlwaysRefresh":false,"showFog":true,"showSkybox":false,"showFlares":true,"showImageEffects":true,"showParticleSystems":true,"showVisualEffectGraphs":true,"m_FxEnabled":true},"in2DMode":false,"pivot":{"x":2.002699851989746,"y":8.65983772277832,"z":1.3137121200561524},"rotation":{"x":0.19079579412937165,"y":-0.01649046503007412,"z":0.003205662127584219,"w":0.9814867973327637},"size":13.691936492919922,"orthographic":false}